FK_ISBN_MQ_INDEX,dbo,acq_parameter,isbn_mq_index,dbo,mq_index,mq_index,1,NO_ACTION,NO_ACTION,
FK_borrLDAPMap_LDAP_profile,dbo,borr_ldap_mapping,ldap_profile,dbo,ldap_profile,ldap_profile,1,NO_ACTION,NO_ACTION,
FKborrower_grade,dbo,borrower,grade,dbo,grade,grade,1,NO_ACTION,NO_ACTION,
FKborrower_homeroom,dbo,borrower,homeroom,dbo,homeroom,homeroom,1,NO_ACTION,NO_ACTION,
FKborrower_teacher,dbo,borrower,teacher,dbo,teacher,teacher,1,NO_ACTION,NO_ACTION,
FK_BAC_author_map,dbo,borrower_alert_config,author_marc_map,dbo,marc_map,marc_map,1,NO_ACTION,NO_ACTION,
FK_BAC_series_map,dbo,borrower_alert_config,series_marc_map,dbo,marc_map,marc_map,1,NO_ACTION,NO_ACTION,
FK_BAC_subject_map,dbo,borrower_alert_config,subject_marc_map,dbo,marc_map,marc_map,1,NO_ACTION,NO_ACTION,
FK_BGB_btype,dbo,btype_group_btype,btype,dbo,btype,btype,1,NO_ACTION,NO_ACTION,
FK_BGB_btype_group,dbo,btype_group_btype,btype_group,dbo,btype_group,btype_group,1,NO_ACTION,NO_ACTION,
FKCatBrowseMarcMap,dbo,cat_browse_matchpoint,tag_extract_marc_map,dbo,marc_map,marc_map#,1,NO_ACTION,NO_ACTION,
ElementValidateProc,dbo,cat_element,validation_event_proc_id,dbo,event_proc,event_proc_id,1,NO_ACTION,NO_ACTION,
Refcat_element590,dbo,cat_element,value_cat_type_id_key,dbo,cat_element,cat_type_id,1,NO_ACTION,NO_ACTION,
Refcat_element590,dbo,cat_element,value_tag_key,dbo,cat_element,tag,2,NO_ACTION,NO_ACTION,
Refcat_element590,dbo,cat_element,value_subfield_key,dbo,cat_element,subfield,3,NO_ACTION,NO_ACTION,
Refcat_element590,dbo,cat_element,value_category_key,dbo,cat_element,category,4,NO_ACTION,NO_ACTION,
Refcat_element590,dbo,cat_element,value_offset_key,dbo,cat_element,offset,5,NO_ACTION,NO_ACTION,
Refcat_subfield589,dbo,cat_element,cat_type_id,dbo,cat_subfield,cat_type_id,1,NO_ACTION,NO_ACTION,
Refcat_subfield589,dbo,cat_element,tag,dbo,cat_subfield,tag,2,NO_ACTION,NO_ACTION,
Refcat_subfield589,dbo,cat_element,subfield,dbo,cat_subfield,subfield,3,NO_ACTION,NO_ACTION,
Refcat_element591,dbo,cat_element_value,cat_type_id,dbo,cat_element,cat_type_id,1,NO_ACTION,NO_ACTION,
Refcat_element591,dbo,cat_element_value,tag,dbo,cat_element,tag,2,NO_ACTION,NO_ACTION,
Refcat_element591,dbo,cat_element_value,subfield,dbo,cat_element,subfield,3,NO_ACTION,NO_ACTION,
Refcat_element591,dbo,cat_element_value,category,dbo,cat_element,category,4,NO_ACTION,NO_ACTION,
Refcat_element591,dbo,cat_element_value,offset,dbo,cat_element,offset,5,NO_ACTION,NO_ACTION,
Refcat_tag587,dbo,cat_indicator,cat_type_id,dbo,cat_tag,cat_type_id,1,NO_ACTION,NO_ACTION,
Refcat_tag587,dbo,cat_indicator,tag,dbo,cat_tag,tag,2,NO_ACTION,NO_ACTION,
Refcat_indicator588,dbo,cat_indicator_value,cat_type_id,dbo,cat_indicator,cat_type_id,1,NO_ACTION,NO_ACTION,
Refcat_indicator588,dbo,cat_indicator_value,tag,dbo,cat_indicator,tag,2,NO_ACTION,NO_ACTION,
Refcat_indicator588,dbo,cat_indicator_value,indicator,dbo,cat_indicator,indicator,3,NO_ACTION,NO_ACTION,
FKCatTypeMarcMap,dbo,cat_standard,cat_type_marc_map_id,dbo,marc_map,marc_map#,1,NO_ACTION,NO_ACTION,
Refcat_subfield586,dbo,cat_sub_req_level_excp,cat_type_id,dbo,cat_subfield,cat_type_id,1,NO_ACTION,NO_ACTION,
Refcat_subfield586,dbo,cat_sub_req_level_excp,tag,dbo,cat_subfield,tag,2,NO_ACTION,NO_ACTION,
Refcat_subfield586,dbo,cat_sub_req_level_excp,subfield,dbo,cat_subfield,subfield,3,NO_ACTION,NO_ACTION,
Refcat_subtype585,dbo,cat_sub_req_level_excp,cat_type_id,dbo,cat_subtype,cat_type_id,1,NO_ACTION,NO_ACTION,
Refcat_subtype585,dbo,cat_sub_req_level_excp,cat_subtype,dbo,cat_subtype,cat_subtype,2,NO_ACTION,NO_ACTION,
FKCategoryMarcMap,dbo,cat_subfield,category_marc_map_id,dbo,marc_map,marc_map#,1,NO_ACTION,NO_ACTION,
FKLinkMarcMap,dbo,cat_subfield,link_marc_map_id,dbo,marc_map,marc_map#,1,NO_ACTION,NO_ACTION,
Refcat_help596,dbo,cat_subfield,cat_help_id,dbo,cat_help,cat_help_id,1,NO_ACTION,NO_ACTION,
Refcat_tag584,dbo,cat_subfield,cat_type_id,dbo,cat_tag,cat_type_id,1,NO_ACTION,NO_ACTION,
Refcat_tag584,dbo,cat_subfield,tag,dbo,cat_tag,tag,2,NO_ACTION,NO_ACTION,
SubCreateProc,dbo,cat_subfield,creation_event_proc_id,dbo,event_proc,event_proc_id,1,NO_ACTION,NO_ACTION,
SubUpdateProc,dbo,cat_subfield,update_event_proc_id,dbo,event_proc,event_proc_id,1,NO_ACTION,NO_ACTION,
SubValidateProc,dbo,cat_subfield,validation_event_proc_id,dbo,event_proc,event_proc_id,1,NO_ACTION,NO_ACTION,
FK_CSR_cat_tag_restriction,dbo,cat_subfield_restriction,sun_role#,dbo,cat_tag_restriction,sun_role#,1,NO_ACTION,NO_ACTION,
FK_CSR_cat_tag_restriction,dbo,cat_subfield_restriction,cat_type#,dbo,cat_tag_restriction,cat_type#,2,NO_ACTION,NO_ACTION,
FK_CSR_cat_tag_restriction,dbo,cat_subfield_restriction,tag,dbo,cat_tag_restriction,tag,3,NO_ACTION,NO_ACTION,
catType_subType,dbo,cat_subtype,cat_type_id,dbo,cat_type,cat_type_id,1,NO_ACTION,NO_ACTION,
Refcat_help595,dbo,cat_tag,cat_help_id,dbo,cat_help,cat_help_id,1,NO_ACTION,NO_ACTION,
Refcat_tag_group594,dbo,cat_tag,cat_type_id,dbo,cat_tag_group,cat_type_id,1,NO_ACTION,NO_ACTION,
Refcat_tag_group594,dbo,cat_tag,cat_tag_group_id,dbo,cat_tag_group,cat_tag_group_id,2,NO_ACTION,NO_ACTION,
Refcat_type573,dbo,cat_tag,cat_type_id,dbo,cat_type,cat_type_id,1,NO_ACTION,NO_ACTION,
TagCreateProc,dbo,cat_tag,creation_event_proc_id,dbo,event_proc,event_proc_id,1,NO_ACTION,NO_ACTION,
TagUpdateProc,dbo,cat_tag,update_event_proc_id,dbo,event_proc,event_proc_id,1,NO_ACTION,NO_ACTION,
TagValidateProc,dbo,cat_tag,validation_event_proc_id,dbo,event_proc,event_proc_id,1,NO_ACTION,NO_ACTION,
Refcat_type593,dbo,cat_tag_group,cat_type_id,dbo,cat_type,cat_type_id,1,NO_ACTION,NO_ACTION,
Refcat_tag575,dbo,cat_tag_link,cat_type_id,dbo,cat_tag,cat_type_id,1,NO_ACTION,NO_ACTION,
Refcat_tag575,dbo,cat_tag_link,tag,dbo,cat_tag,tag,2,NO_ACTION,NO_ACTION,
Refcat_tag581,dbo,cat_tag_link,link_to_cat_type_id,dbo,cat_tag,cat_type_id,1,NO_ACTION,NO_ACTION,
Refcat_tag581,dbo,cat_tag_link,link_to_tag,dbo,cat_tag,tag,2,NO_ACTION,NO_ACTION,
Refcat_subtype582,dbo,cat_tag_req_level_excp,cat_type_id,dbo,cat_subtype,cat_type_id,1,NO_ACTION,NO_ACTION,
Refcat_subtype582,dbo,cat_tag_req_level_excp,cat_subtype,dbo,cat_subtype,cat_subtype,2,NO_ACTION,NO_ACTION,
Refcat_tag583,dbo,cat_tag_req_level_excp,cat_type_id,dbo,cat_tag,cat_type_id,1,NO_ACTION,NO_ACTION,
Refcat_tag583,dbo,cat_tag_req_level_excp,tag,dbo,cat_tag,tag,2,NO_ACTION,NO_ACTION,
FK_CTAGR_cat_type_restriction,dbo,cat_tag_restriction,sun_role#,dbo,cat_type_restriction,sun_role#,1,NO_ACTION,NO_ACTION,
FK_CTAGR_cat_type_restriction,dbo,cat_tag_restriction,cat_type#,dbo,cat_type_restriction,cat_type#,2,NO_ACTION,NO_ACTION,
catStd_catType,dbo,cat_type,cat_standard_id,dbo,cat_standard,cat_standard_id,1,NO_ACTION,NO_ACTION,
FKCatSubTypeMarcMap,dbo,cat_type,cat_subtype_marc_map_id,dbo,marc_map,marc_map#,1,NO_ACTION,NO_ACTION,
FKRecLangMarcMap,dbo,cat_type,record_language_marc_map_id,dbo,marc_map,marc_map#,1,NO_ACTION,NO_ACTION,
RecCreateProc,dbo,cat_type,creation_event_proc_id,dbo,event_proc,event_proc_id,1,NO_ACTION,NO_ACTION,
RecUpdateProc,dbo,cat_type,update_event_proc_id,dbo,event_proc,event_proc_id,1,NO_ACTION,NO_ACTION,
RecValidateProc,dbo,cat_type,validation_event_proc_id,dbo,event_proc,event_proc_id,1,NO_ACTION,NO_ACTION,
FKclass_schedule_borrower,dbo,class_schedule,borrower#,dbo,borrower,borrower#,1,NO_ACTION,NO_ACTION,
FKclass_schedule_period1,dbo,class_schedule,period1,dbo,period,period,1,NO_ACTION,NO_ACTION,
FKclass_schedule_period10,dbo,class_schedule,period10,dbo,period,period,1,NO_ACTION,NO_ACTION,
FKclass_schedule_period2,dbo,class_schedule,period2,dbo,period,period,1,NO_ACTION,NO_ACTION,
FKclass_schedule_period3,dbo,class_schedule,period3,dbo,period,period,1,NO_ACTION,NO_ACTION,
FKclass_schedule_period4,dbo,class_schedule,period4,dbo,period,period,1,NO_ACTION,NO_ACTION,
FKclass_schedule_period5,dbo,class_schedule,period5,dbo,period,period,1,NO_ACTION,NO_ACTION,
FKclass_schedule_period6,dbo,class_schedule,period6,dbo,period,period,1,NO_ACTION,NO_ACTION,
FKclass_schedule_period7,dbo,class_schedule,period7,dbo,period,period,1,NO_ACTION,NO_ACTION,
FKclass_schedule_period8,dbo,class_schedule,period8,dbo,period,period,1,NO_ACTION,NO_ACTION,
FKclass_schedule_period9,dbo,class_schedule,period9,dbo,period,period,1,NO_ACTION,NO_ACTION,
FK_CGC_collection,dbo,collection_group_collection,collection,dbo,collection,collection,1,NO_ACTION,NO_ACTION,
FK_CGC_collection_group,dbo,collection_group_collection,collection_group,dbo,collection_group,collection_group,1,NO_ACTION,NO_ACTION,
FKcsa_location,dbo,csa_location,csa_location,dbo,location,location,1,NO_ACTION,NO_ACTION,
FKcsa_primary_location,dbo,csa_location,primary_location,dbo,location,location,1,NO_ACTION,NO_ACTION,
FKpickup_area_location,dbo,csa_pickup_area,csa_location,dbo,csa_location,csa_location,1,NO_ACTION,NO_ACTION,
FKcsa_printgroup_collection,dbo,csa_printer_group,collection,dbo,collection,collection,1,NO_ACTION,NO_ACTION,
FKcsa_printgroup_location,dbo,csa_printer_group,csa_location,dbo,csa_location,csa_location,1,NO_ACTION,NO_ACTION,
FKcsa_printgroup_printq,dbo,csa_printer_group,printq,dbo,printer_queue,printq,1,NO_ACTION,NO_ACTION,
FKcsa_request_area,dbo,csa_request,pickup_area_id,dbo,csa_pickup_area,pickup_area_id,1,NO_ACTION,NO_ACTION,
FKcsa_request_bib,dbo,csa_request,bib#,dbo,bib_control,bib#,1,NO_ACTION,NO_ACTION,
FKcsa_request_borrower,dbo,csa_request,borrower#,dbo,borrower,borrower#,1,NO_ACTION,NO_ACTION,
FKcsa_request_copy,dbo,csa_request,copy#,dbo,copy,copy#,1,NO_ACTION,NO_ACTION,
FKcsa_request_item,dbo,csa_request,item#,dbo,item,item#,1,NO_ACTION,NO_ACTION,
FKcsa_request_printq,dbo,csa_request,printq,dbo,printer_queue,printq,1,NO_ACTION,NO_ACTION,
REFDB3,dbo,debt_borrower,borrower#,dbo,borrower,borrower#,1,NO_ACTION,NO_ACTION,
REFdebt_borrower,dbo,debt_borrower,debt_group_id,dbo,debt_group,debt_group_id,1,NO_ACTION,NO_ACTION,
REFDCDLOC,dbo,debt_borrower_date,borrower#,dbo,borrower,borrower#,1,NO_ACTION,NO_ACTION,
REFdebt_borrower_ref1,dbo,debt_borrower_reference,debt_group_id,dbo,debt_group,debt_group_id,1,NO_ACTION,NO_ACTION,
REFdebt_control_ref1,dbo,debt_control,debt_group_id,dbo,debt_group,debt_group_id,1,NO_ACTION,NO_ACTION,
REFRptNew,dbo,debt_group,rpt_new_id,dbo,debt_rpt,debt_rpt_id,1,NO_ACTION,NO_ACTION,
REFRptUpd,dbo,debt_group,rpt_upd_id,dbo,debt_rpt,debt_rpt_id,1,NO_ACTION,NO_ACTION,
REFdebt_email,dbo,debt_group_debt_email,debt_email_id,dbo,debt_email,debt_email_id,1,NO_ACTION,NO_ACTION,
REFdebt_groupem,dbo,debt_group_debt_email,debt_group_id,dbo,debt_group,debt_group_id,1,NO_ACTION,NO_ACTION,
REFdebt_group_block,dbo,debt_group_exc_block,block,dbo,block,block,1,NO_ACTION,NO_ACTION,
REFdebt_group_btype,dbo,debt_group_exc_btype,btype,dbo,btype,btype,1,NO_ACTION,NO_ACTION,
REFdebt_group_fee,dbo,debt_group_fee,debt_group_id,dbo,debt_group,debt_group_id,1,NO_ACTION,NO_ACTION,
REFDCLOC,dbo,debt_group_location,location,dbo,location,location,1,NO_ACTION,NO_ACTION,
REFdebt_group,dbo,debt_group_location,debt_group_id,dbo,debt_group,debt_group_id,1,NO_ACTION,NO_ACTION,
REFdebt_rpt,dbo,debt_rpt_field,fieldname,dbo,debt_rpt_field_domain,fieldname,1,NO_ACTION,NO_ACTION,
REFdebt_rpt2,dbo,debt_rpt_field,debt_rpt_id,dbo,debt_rpt,debt_rpt_id,1,NO_ACTION,NO_ACTION,
Refevent_proc,dbo,event_proc_attribute_value,event_proc_id,dbo,event_proc,event_proc_id,1,NO_ACTION,NO_ACTION,
Refproc_attr,dbo,event_proc_attribute_value,attribute,dbo,event_proc_attribute,attribute,1,NO_ACTION,NO_ACTION,
FKgrade_teacher,dbo,grade,teacher,dbo,teacher,teacher,1,NO_ACTION,NO_ACTION,
FK_IMPORT_ACQ_DIST,dbo,import_acq_distribution,import_acq#,dbo,import_acq,import_acq#,1,NO_ACTION,NO_ACTION,
FK_IMPORT_ACQ_COLUMN_MAP,dbo,import_acq_map_extraction,import_acq_column_map#,dbo,import_acq_column_map,import_acq_column_map#,1,NO_ACTION,NO_ACTION,
FK_IMPORT_ACQ_MAP,dbo,import_acq_map_extraction,import_acq_map,dbo,import_acq_map,import_acq_map,1,NO_ACTION,NO_ACTION,
FK_IMPORT_ACQ_PR_CAT,dbo,import_acq_pr_category,import_acq#,dbo,import_acq,import_acq#,1,NO_ACTION,NO_ACTION,
FK_IDO_author_marc_map,dbo,item_delete_options,author_marc_map,dbo,marc_map,marc_map,1,NO_ACTION,NO_ACTION,
FK_IDO_isbn_marc_map,dbo,item_delete_options,isbn_marc_map,dbo,marc_map,marc_map,1,NO_ACTION,NO_ACTION,
FK_IDO_lccn_marc_map,dbo,item_delete_options,lccn_marc_map,dbo,marc_map,marc_map,1,NO_ACTION,NO_ACTION,
FK_IDO_lib_ctrlno_marc_map,dbo,item_delete_options,lib_ctrlno_marc_map,dbo,marc_map,marc_map,1,NO_ACTION,NO_ACTION,
FK_IDO_library_code,dbo,item_delete_options,library_code,dbo,library_code,library_code,1,NO_ACTION,NO_ACTION,
FK_IDO_local1_marc_map,dbo,item_delete_options,local1_marc_map,dbo,marc_map,marc_map,1,NO_ACTION,NO_ACTION,
FK_IDO_local2_marc_map,dbo,item_delete_options,local2_marc_map,dbo,marc_map,marc_map,1,NO_ACTION,NO_ACTION,
FK_IDO_pubdate_marc_map,dbo,item_delete_options,pubdate_marc_map,dbo,marc_map,marc_map,1,NO_ACTION,NO_ACTION,
FK_IDO_source_catalog,dbo,item_delete_options,source_catalog,dbo,source_catalog,source_catalog,1,NO_ACTION,NO_ACTION,
FK_IDO_title_marc_map,dbo,item_delete_options,title_marc_map,dbo,marc_map,marc_map,1,NO_ACTION,NO_ACTION,
FK_item_transit_fromlocation,dbo,item_transit,from_location,dbo,location,location,1,NO_ACTION,NO_ACTION,
FK_item_transit_item,dbo,item_transit,item#,dbo,item,item#,1,NO_ACTION,NO_ACTION,
FK_item_transit_itemStatus,dbo,item_transit,item_status,dbo,item_status,item_status,1,NO_ACTION,NO_ACTION,
FK_item_transit_tolocation,dbo,item_transit,to_location,dbo,location,location,1,NO_ACTION,NO_ACTION,
FK_IGI_itype_group,dbo,itype_group_itype,itype_group,dbo,itype_group,itype_group,1,NO_ACTION,NO_ACTION,
FK_LGL_location,dbo,location_group_location,location,dbo,location,location,1,NO_ACTION,NO_ACTION,
FK_LGL_location_group,dbo,location_group_location,location_group,dbo,location_group,location_group,1,NO_ACTION,NO_ACTION,
FKMergeMarcMap1,dbo,merge_profile,marc_map_id1,dbo,marc_map,marc_map#,1,NO_ACTION,NO_ACTION,
FKMergeMarcMap2,dbo,merge_profile,marc_map_id2,dbo,marc_map,marc_map#,1,NO_ACTION,NO_ACTION,
FKMergeMarcMap3,dbo,merge_profile,marc_map_id3,dbo,marc_map,marc_map#,1,NO_ACTION,NO_ACTION,
REFmergeprofile,dbo,merge_profile_tag,merge_profile_id,dbo,merge_profile,merge_profile_id,1,NO_ACTION,NO_ACTION,
REFmergeprofile,dbo,merge_profile_tag,cat_type_id,dbo,merge_profile,cat_type_id,2,NO_ACTION,NO_ACTION,
FK_mqindex_location_location,dbo,mq_index_location,location,dbo,location,location,1,NO_ACTION,NO_ACTION,
FK_mqindex_location_mqindex,dbo,mq_index_location,mq_index,dbo,mq_index,mq_index,1,NO_ACTION,NO_ACTION,
FKperiod_teacher,dbo,period,teacher,dbo,teacher,teacher,1,NO_ACTION,NO_ACTION,
FK_PICKUP_LOCATION_SORT_LOC,dbo,pickup_location_sort,location,dbo,location,location,1,NO_ACTION,NO_ACTION,
FK_PICKUP_LOCATION_SORT_PICK,dbo,pickup_location_sort,pickup_location,dbo,location,location,1,NO_ACTION,NO_ACTION,
FK_search_alt_location,dbo,search_alternate,location,dbo,location,location,1,NO_ACTION,NO_ACTION,
FK_PROFILE_bbb,dbo,selfcheck_barred_burb_block,selfcheck_profile,dbo,selfcheck_profile,selfcheck_profile,1,NO_ACTION,NO_ACTION,
FK_PROFILE_cis,dbo,selfcheck_cki_item_status,selfcheck_profile,dbo,selfcheck_profile,selfcheck_profile,1,NO_ACTION,NO_ACTION,
FK_PROFILE_control,dbo,selfcheck_control,selfcheck_profile,dbo,selfcheck_profile,selfcheck_profile,1,NO_ACTION,NO_ACTION,
FK_PROFILE_mmi,dbo,selfcheck_mag_media_itype,selfcheck_profile,dbo,selfcheck_profile,selfcheck_profile,1,NO_ACTION,NO_ACTION,
FK_PROFILE_message,dbo,selfcheck_message,selfcheck_profile,dbo,selfcheck_profile,selfcheck_profile,1,NO_ACTION,NO_ACTION,
FK_stat_data_category,dbo,stat_data,stat_category,dbo,stat_category,stat_category,1,NO_ACTION,NO_ACTION,
FK_stat_data_location,dbo,stat_data,location,dbo,location,location,1,NO_ACTION,NO_ACTION,
FK_SCR_STR_REF,dbo,sun_column_restriction,sun_role#,dbo,sun_table_restriction,sun_role#,1,NO_ACTION,NO_ACTION,
FK_SCR_STR_REF,dbo,sun_column_restriction,table_name,dbo,sun_table_restriction,table_name,2,NO_ACTION,NO_ACTION,
FK_TCD_period,dbo,top_circ_detail,period#,dbo,top_circ_detail_period,period#,1,NO_ACTION,NO_ACTION,
FK_TCS_period,dbo,top_circ_summary,period#,dbo,top_circ_summary_period,period#,1,NO_ACTION,NO_ACTION,
FK_USAGE_STAT,dbo,usage_stat,period#,dbo,usage_stat_period,period#,1,NO_ACTION,NO_ACTION,
FK_VIP_CONFIGURATION,dbo,vendor,vip_configuration,dbo,vip_configuration,vip_configuration,1,NO_ACTION,NO_ACTION,
FKwordindex_isbn_marcmap,dbo,word_index,isbn_marc_map,dbo,marc_map,marc_map,1,NO_ACTION,NO_ACTION,
FKwordindex_issn_marcmap,dbo,word_index,issn_marc_map,dbo,marc_map,marc_map,1,NO_ACTION,NO_ACTION,
FKwordindex_lccn_marcmap,dbo,word_index,lccn_marc_map,dbo,marc_map,marc_map,1,NO_ACTION,NO_ACTION,
FKwordindex_oclc_marcmap,dbo,word_index,oclc_marc_map,dbo,marc_map,marc_map,1,NO_ACTION,NO_ACTION,
FK_BATCH#,dbo,workslip_batch_po_line_item,workslip_batch#,dbo,workslip_batch,workslip_batch#,1,NO_ACTION,NO_ACTION,
